Id,Name,Email,Address,City,State,Country,Birthday,Website,Status,Created at,Updated at
1980,Christina Thompson DVM,wjohnson@yahoo.com,"63297 Lori Inlet
Port Jeffreyshire, NE 71130",Robertland,California,Thailand,2014-12-22,http://www.chandler.com/,Inactive,2024-01-19 03:58:01,2024-07-11 17:45:21
5603,Sheena Adams,qfrazier@cardenas-davis.biz,"5747 Stephen Brooks
Dennistown, NE 55404",West Phillipville,Ohio,Peru,1912-10-05,https://www.ward.info/,Active,2024-03-29 20:43:41,2024-07-03 14:41:23
7150,Loretta Miller,ryanyates@yahoo.com,"95654 Katherine Passage
Robertsfort, AL 82462",Suzanneview,Ohio,Czech Republic,2007-02-19,http://cummings.com/,Active,2024-01-07 09:44:12,2024-01-27 14:52:18
3127,Heather Mcpherson,leroy01@franklin-hall.com,"7045 Joe Divide
Chelseaview, NC 16126",Cruzville,Kentucky,Panama,1909-09-08,http://burgess.biz/,Inactive,2024-04-12 12:47:49,2024-07-17 21:06:33
1899,David Buchanan,tbaldwin@bradshaw-mccoy.com,"62974 Eugene Plains
Port Lauren, DC 22363",Christopherbury,North Carolina,El Salvador,1981-11-26,https://cooper.com/,Inactive,2024-03-18 14:43:17,2024-05-31 08:28:08
4477,Melissa Rodriguez DDS,walterbryant@phillips-jones.biz,"301 Brandi Mountain Apt. 192
Jacksonchester, PA 72844",Hallhaven,Tennessee,Palestinian Territory,1971-07-29,https://hawkins.com/,Active,2024-04-04 10:14:18,2024-05-09 19:13:54
4691,Cynthia Wells,dillon50@french.biz,"6191 Jessica Squares
Port Teresaville, PA 00732",Jonesview,California,Ethiopia,2002-10-30,http://www.gomez-fuller.info/,Active,2024-02-09 05:13:37,2024-01-22 19:10:01
8429,Colleen Anderson,manuel15@lawrence.com,"064 Brian Turnpike
Harrisburgh, MA 59238",Alexandermouth,Ohio,Guyana,2006-04-27,https://www.ochoa.com/,Active,2024-05-04 14:02:00,2024-02-28 12:46:36
2527,Christopher Garza,jholt@yahoo.com,"051 Gregory Bypass Suite 980
Andersenbury, NH 39901",East Rachel,Arizona,New Zealand,1973-10-24,https://www.joseph-moran.com/,Inactive,2024-01-17 01:11:10,2024-02-29 09:54:26
7863,Dr. George Webb,zhill@brown-gray.org,"1275 Paul Viaduct Suite 661
South Lisa, OK 95043",Danielfurt,Vermont,Sao Tome and Principe,1957-01-26,https://barrett.com/,Active,2024-03-13 05:12:09,2024-04-29 08:39:56
7547,Gregory Rogers,lynnfigueroa@yahoo.com,"36501 Molly Mews
Thompsontown, WV 33937",Ianland,Montana,Saint Vincent and the Grenadines,2015-05-26,http://jackson.com/,Active,2024-05-12 01:46:27,2024-05-18 07:19:21
2103,Ryan Thomas,jjohnson@yahoo.com,"982 Tiffany Shoal
Lake James, AK 21448",Colemanside,Missouri,Slovakia (Slovak Republic),1924-04-06,http://scott.com/,Inactive,2024-04-22 19:02:52,2024-07-21 05:01:38
8868,Phillip Moore,garciaerica@hotmail.com,"5206 Michael Path Suite 785
Port Ricky, DE 61198",New Ashley,Mississippi,Macedonia,1998-05-21,https://www.lopez-barker.com/,Inactive,2024-01-20 01:04:23,2024-05-04 03:09:59
1923,Katherine Harris,yayala@hotmail.com,"28263 Thompson Islands
North Paul, VA 48804",Port Alexisport,Utah,Antigua and Barbuda,1981-01-25,https://www.charles-johnson.com/,Inactive,2024-05-26 07:57:51,2024-02-13 00:11:04
7920,Michele Crosby,doylejulie@butler.com,"0494 Paul Roads Apt. 468
Mccluremouth, MS 56801",North Austinview,Michigan,Libyan Arab Jamahiriya,2016-11-04,https://craig.info/,Inactive,2024-03-08 21:02:36,2024-07-20 08:00:48
3558,Brenda Fitzgerald,ogates@williamson-rivera.com,"19137 Alvarez Row Suite 008
Port Nathan, MT 43377",Flynnton,Idaho,Falkland Islands (Malvinas),1914-03-03,http://anderson.com/,Active,2024-03-17 23:48:26,2024-04-27 07:19:01
4832,Michelle Mason PhD,matthewbrooks@yahoo.com,"366 Anderson Court Suite 732
Lake John, KS 12446",West Jameschester,Hawaii,New Caledonia,1944-10-21,https://www.humphrey-contreras.com/,Active,2024-01-18 22:10:10,2024-07-08 05:47:04
9519,Emily Ross,hannah25@williams.com,"81177 Garrett Fork
Greershire, TX 17390",Loristad,Oregon,Zambia,1978-07-07,http://www.gray.com/,Active,2024-03-04 11:07:45,2024-02-05 14:49:48
8817,Lisa Johnson,hbarker@gmail.com,"09010 Wells Gateway Suite 616
Mikefurt, OR 01772",East Jason,Nebraska,Tajikistan,1950-04-22,http://sandoval-taylor.biz/,Inactive,2024-01-20 11:21:46,2024-01-10 06:23:23
6208,Michael French,martinezjoan@stewart.com,"659 Flores Brooks
Port Chelsea, CT 02453",Riggsport,Pennsylvania,Burundi,1981-10-31,https://davis-patterson.com/,Inactive,2024-06-29 14:47:05,2024-01-23 10:49:22
5220,Tammy Arroyo,gbrewer@hotmail.com,"3817 Patricia Estates Suite 089
Andersonbury, SC 81920",North Kimberlyfort,Maine,Israel,1972-05-16,http://www.gonzalez.biz/,Active,2024-07-17 05:17:03,2024-01-01 23:47:43
9654,Nicole Perez,sburch@bautista.com,"5658 Kelly Ports Apt. 605
East Christopher, CA 21936",Tammyton,Nevada,Jamaica,2021-04-08,http://www.velez.biz/,Active,2024-03-27 03:53:47,2024-01-05 12:49:07
9281,Carolyn Velazquez,woodluke@evans.com,"3157 Whitaker Mount Suite 888
New Jonshire, OR 02743",Mcgeehaven,Hawaii,Faroe Islands,1954-12-17,http://www.davis-vasquez.com/,Inactive,2024-02-24 12:45:10,2024-03-19 15:09:02
9618,Mia Johnson,taylor12@yahoo.com,"2274 Colleen Rapid Suite 145
Richardbury, GA 33623",Deleontown,Tennessee,United Arab Emirates,1910-11-14,https://www.anderson.com/,Active,2024-06-05 23:48:54,2024-03-01 04:30:29
3217,Calvin Roberson,wsullivan@velez.biz,"Unit 0198 Box 9241
DPO AA 99729",Nancyton,Nevada,Heard Island and McDonald Islands,2002-08-30,http://www.taylor-king.com/,Active,2024-04-22 15:05:57,2024-07-02 21:58:47
5710,Holly Lewis,sarahcollins@diaz-robertson.com,"234 David Rue Suite 913
Port Melissamouth, CO 43599",Robersonborough,Arizona,Puerto Rico,2011-12-26,http://www.nelson-brown.com/,Inactive,2024-04-20 08:43:01,2024-06-30 19:02:09
3398,Kelly Bell,nichole03@yahoo.com,"42964 Tara Well
Lake Williamhaven, KS 10623",New Charles,Idaho,Saint Vincent and the Grenadines,2015-07-23,https://www.randall.com/,Inactive,2024-05-05 15:13:10,2024-06-20 23:46:19
6895,Melissa Ross,davisdawn@hotmail.com,"505 Ponce Parkway Suite 006
South Maureen, AR 37029",New Jeremy,New York,Ireland,1952-07-23,https://flores.org/,Inactive,2024-01-14 05:17:28,2024-07-05 04:49:23
3503,Tina Baker,natalie03@johnson.com,"6530 Rebecca Parkway
North Kimberly, KS 56399",Andersonview,Missouri,Netherlands,1999-01-14,https://bates-henry.biz/,Inactive,2024-03-01 17:50:29,2024-05-15 06:22:45
8445,Marco Franco,jessica39@gmail.com,"875 Young Station
Kaylahaven, NV 81713",Edwardshire,Nevada,Senegal,1955-11-08,http://www.goodman.com/,Active,2024-01-21 04:53:07,2024-01-26 18:48:06
9250,Ashley Clay,lewissheila@hotmail.com,"8966 King Branch
Jacktown, CA 49271",South Timothy,South Dakota,Afghanistan,1929-10-14,http://hutchinson.info/,Inactive,2024-03-16 04:12:30,2024-04-06 08:47:37
8209,Timothy Turner,rsmith@yahoo.com,"59958 Smith Common
East Melanieberg, SD 95046",Lake Keith,New Hampshire,Guinea-Bissau,1918-08-16,https://www.garcia-mcmillan.biz/,Inactive,2024-02-18 22:22:15,2024-04-05 00:46:17
4754,Lauren Sanchez,angela43@bullock.biz,"583 Lynn Spurs
Lake Betty, OK 83516",Jennifertown,Rhode Island,Uruguay,1981-07-29,https://calderon.com/,Active,2024-04-19 16:05:03,2024-06-17 07:10:07
5166,John Moore,garciamanuel@burch-henderson.com,"PSC 8432, Box 2590
APO AE 22040",Brandonview,Pennsylvania,Armenia,1974-09-01,https://lee.com/,Active,2024-02-05 22:10:19,2024-01-10 10:26:13
2117,Carl Bridges,riverakelly@long.biz,"74720 Galloway Mills
West Jennifer, CO 33121",Richardchester,Tennessee,Luxembourg,1956-07-19,https://www.thomas.com/,Active,2024-06-27 18:09:12,2024-07-21 19:48:16
2700,Debra Krueger DDS,whutchinson@hotmail.com,"3671 Jimenez Station
Frenchstad, WV 44930",Carterborough,Massachusetts,Holy See (Vatican City State),1942-09-09,https://stanley.com/,Inactive,2024-05-13 10:39:36,2024-02-26 17:42:22
6142,Adam Campbell,amandaking@kelly.info,"456 Fernandez Ford
New Christopherland, AK 39173",West Kristinburgh,Ohio,Djibouti,1998-02-16,https://cooper-lopez.com/,Inactive,2024-03-27 17:08:52,2024-01-24 17:00:11
3443,Elijah Robinson,uchen@franklin-mills.com,"8211 Joseph Junctions Suite 724
Jessicamouth, KS 77151",Jasonland,Kansas,Guinea-Bissau,1997-09-13,https://gross.com/,Inactive,2024-04-15 02:11:57,2024-07-14 15:26:10
8213,Carl Donovan,ibrown@yahoo.com,"PSC 7849, Box 5568
APO AE 77424",Hensleystad,Rhode Island,Russian Federation,1919-10-25,http://www.simmons.org/,Active,2024-05-25 19:11:54,2024-03-01 11:21:11
3359,Melissa Herrera,pearsonnicholas@hotmail.com,"99903 Daniel Isle Suite 193
Leeton, LA 50720",West Charles,New Jersey,Spain,1955-09-04,https://le.com/,Active,2024-04-03 15:15:22,2024-04-19 22:25:11
4205,Isabella Johnson,agordon@davis-jordan.com,"83902 Cathy Radial Suite 068
South Jacobview, RI 20429",Port Ashley,South Carolina,Lesotho,2022-08-06,http://www.lowe.com/,Active,2024-02-24 19:28:38,2024-05-05 15:40:47
5423,Amy Cooper,bmccoy@gmail.com,"765 Kristi Brooks
East Teresa, MO 20817",North Ross,Rhode Island,Barbados,1923-11-26,https://www.george.com/,Active,2024-04-19 23:28:15,2024-07-17 14:49:51
9806,Maria Baker,thomasrobinson@hotmail.com,"371 Brittany Roads Apt. 843
South Lisa, NY 09282",North Jason,Vermont,Spain,2005-02-24,http://www.miranda-garcia.com/,Active,2024-04-29 02:46:43,2024-05-30 13:31:10
1643,William Cunningham,ubrown@armstrong-nicholson.com,"90419 Acosta Trafficway
South Danielville, UT 88820",North Samanthastad,Massachusetts,Guernsey,1967-02-28,https://woods.com/,Active,2024-01-16 07:47:48,2024-01-24 20:36:38
9138,David Kelley,timothygreen@johnson.com,"4201 Jones Overpass Suite 523
Rebeccaland, ID 01488",Travismouth,Georgia,Antarctica (the territory South of 60 deg S),1945-01-16,http://reyes-collier.com/,Active,2024-06-16 23:47:00,2024-06-21 20:28:26
7492,Ralph Campbell,dianemartinez@hotmail.com,"57209 Mary Spur
South Williamside, KY 28798",New Johnside,Oregon,Egypt,2002-01-27,https://www.price.com/,Inactive,2024-04-24 16:40:28,2024-02-01 12:51:06
6974,Brittany Johnson,james04@gmail.com,"9647 Kimberly Center Apt. 654
Scottmouth, AL 92595",Debraberg,Indiana,Gambia,1950-06-06,http://www.ford-williams.com/,Active,2024-04-23 02:10:23,2024-02-17 12:37:52
5709,Robert Dawson,droach@yahoo.com,"026 Schwartz Islands
West Christyport, GA 25582",North Miranda,Louisiana,Mozambique,1994-03-12,https://leonard-baldwin.com/,Inactive,2024-03-26 13:09:43,2024-05-04 18:40:15
9673,Elizabeth Kelly,snyderlori@hotmail.com,"74905 Brown Club
Tylerton, GA 81813",Sanchezstad,Mississippi,Mozambique,1979-03-06,https://ingram.net/,Active,2024-05-23 10:21:14,2024-04-01 23:44:05
3432,Morgan Gonzalez,jacobhoward@higgins-thompson.com,"661 Patterson Forks Suite 285
Brendanburgh, SC 72957",Youngville,Maine,Mauritius,1997-08-20,http://reed.net/,Active,2024-01-21 17:51:26,2024-02-27 19:05:51
1085,Kim Delgado,david42@hotmail.com,"4135 Mark Village Suite 893
Lake Brooke, CA 44903",East Brandon,Rhode Island,Niger,1918-05-09,http://church.com/,Active,2024-04-29 03:17:34,2024-03-22 02:54:27
1072,Christopher Wilson,jenna00@gmail.com,"37164 Mclaughlin Radial Apt. 372
Christophershire, NH 66859",Laurenburgh,Colorado,Azerbaijan,1967-03-29,https://www.mccormick-reed.com/,Inactive,2024-04-14 17:52:01,2024-04-17 23:40:42
9478,Alexis Garcia,stephen76@hotmail.com,"954 Robin Fort Suite 149
Scottville, NV 01119",Mckenzieview,Delaware,Algeria,1911-07-06,http://www.stokes.com/,Inactive,2024-03-30 00:57:59,2024-07-15 18:57:03
1744,Brooke Miller,joseph25@garcia.com,"919 Weaver Motorway
Jessicahaven, NH 68219",Perezshire,North Dakota,Guinea-Bissau,1991-07-12,https://brown.biz/,Inactive,2024-04-11 01:54:47,2024-04-21 01:51:40
8710,Tanya Collins,lynn84@floyd-drake.com,"USCGC Anderson
FPO AE 53796",East Stephanie,Virginia,Guatemala,1914-10-23,https://park.com/,Inactive,2024-06-22 02:20:49,2024-03-18 01:58:20
6320,Spencer Smith,blakewalker@brooks.biz,"730 Bridget Mills
New Anita, WA 89323",North Johnhaven,Mississippi,French Guiana,2004-09-05,http://campbell-sanders.com/,Active,2024-07-07 21:42:47,2024-03-21 06:56:26
8690,Caroline Bean,marissakane@hoffman.com,"3383 Tanya Trail Suite 842
Meganchester, WI 16241",Lake Joseph,Oklahoma,Iraq,1931-02-18,http://www.rodgers-evans.biz/,Inactive,2024-01-23 19:28:57,2024-02-13 14:47:30
9659,Michael Kim,jorgegarcia@yahoo.com,"5323 Gomez Overpass Suite 185
West Brian, NC 80334",South Megan,Kansas,Zambia,2001-01-09,http://ballard-simmons.com/,Inactive,2024-01-15 06:07:02,2024-01-13 14:03:58
2583,Rebecca Murphy,catherinelopez@miller.com,"858 Peterson Village
Port Wendyburgh, WV 01883",Stantonside,Delaware,Niue,1984-04-05,http://www.rangel.com/,Inactive,2024-05-02 09:26:50,2024-04-14 06:25:27
3962,Keith Brown,nsmith@kim.com,"79892 James Crossroad Apt. 678
Watsonhaven, CO 49225",North Gregorymouth,Tennessee,Norway,2022-12-06,https://parker.info/,Inactive,2024-03-25 03:44:15,2024-02-09 15:57:48
9489,Joshua Yates,raymond18@martin.info,"924 Powers Motorway
Natalieton, ID 45511",Donnaport,New Mexico,Papua New Guinea,1983-04-12,http://www.conway.info/,Inactive,2024-01-18 03:14:30,2024-01-29 20:31:11
4408,Herbert Carter,curtisdonna@santiago-jenkins.com,"271 Jessica Motorway Suite 599
New Jessica, ME 01712",Gardnertown,New York,Paraguay,1999-07-31,https://www.walter.net/,Active,2024-06-16 11:05:18,2024-02-18 23:30:44
5528,Justin Washington,kristenevans@taylor.com,"097 Bridges Mountains
Kennedyville, CA 33844",South Geoffreytown,Florida,Kiribati,1981-05-20,http://www.cannon-young.com/,Active,2024-04-07 17:07:35,2024-04-17 15:36:07
6744,Joseph Cameron,hebertjacqueline@martin.biz,"62259 Larson Green Apt. 356
Port Jonathan, IN 65001",South Tiffanytown,Missouri,Afghanistan,1957-08-11,http://moore-murray.com/,Active,2024-07-12 21:18:31,2024-05-14 15:11:59
2390,Christina Mejia,robertmorgan@hotmail.com,"066 Carol Port Apt. 739
Wesleyport, WY 39254",West Katiefurt,Virginia,Belarus,1946-01-26,http://smith-lee.com/,Inactive,2024-04-19 17:11:37,2024-01-07 07:03:05
2580,Sylvia Johnson,william79@hotmail.com,"1791 Alexander Camp Suite 133
South Ryan, HI 71605",Mirandaport,North Carolina,Botswana,1932-03-05,https://mitchell.com/,Active,2024-04-16 10:09:48,2024-01-31 17:12:35
5815,Kenneth Williams,masonbrown@moreno-evans.com,"8321 Johnson Squares Apt. 201
Heatherhaven, CO 11387",Courtneybury,New Jersey,Ukraine,1939-09-09,http://www.perez.com/,Inactive,2024-05-01 19:17:26,2024-06-19 04:25:28
4954,Kayla Bell,melissa87@black.net,"873 Nguyen Overpass Suite 718
Jamesbury, NY 20286",Langborough,Idaho,Timor-Leste,1994-03-25,http://www.morrow.biz/,Active,2024-01-26 05:40:37,2024-06-29 15:05:14
3627,Jason Jones,christophermartin@west.com,"PSC 8225, Box 9789
APO AP 57600",Port Yvonne,Maine,Zimbabwe,1937-01-26,https://wallace.com/,Active,2024-06-06 09:19:53,2024-03-29 19:28:30
3462,Ricardo Shaw,pricemisty@gmail.com,"Unit 3245 Box 6602
DPO AA 64511",Villanuevaview,Nevada,Guernsey,1912-07-05,https://www.jacobs.com/,Active,2024-01-22 19:38:20,2024-06-01 15:31:30
4140,Connor Marshall,jessecontreras@hotmail.com,"04076 Cruz Trace Apt. 314
South Christophermouth, AK 22483",South Melodychester,Oregon,United States of America,1952-07-29,https://www.gonzalez.com/,Active,2024-06-22 13:19:04,2024-02-22 16:20:21
3581,Veronica Barker,pscott@hotmail.com,"50938 Joshua Mews Suite 367
West Craig, KY 77866",North Andreafurt,Illinois,South Africa,1941-04-29,http://long.com/,Inactive,2024-01-01 10:08:25,2024-05-28 21:40:18
2602,Erica Williams,karen81@hotmail.com,"24233 Martin Canyon Apt. 044
Barnesshire, MA 80707",North Angelaberg,Minnesota,Saint Kitts and Nevis,1940-06-30,https://ruiz-walton.com/,Inactive,2024-06-21 05:12:12,2024-01-29 08:13:39
4294,Victoria Maxwell,mhines@yahoo.com,"206 Matthew Field
New Sophiaborough, LA 29661",East Mitchelltown,California,Guatemala,1914-11-18,https://www.smith-braun.com/,Inactive,2024-07-16 16:23:00,2024-04-30 17:30:01
4386,Stacey Taylor,pclark@yahoo.com,"414 Austin Lane Suite 651
Angelaborough, NV 22391",New Traciemouth,New Jersey,Guyana,1986-01-11,http://james.biz/,Inactive,2024-02-23 05:50:23,2024-04-13 02:45:36
1783,Michael Thomas,vcastillo@macias.com,"5480 Pamela Manor
Johnshire, MI 89917",Alexisbury,Arkansas,Armenia,1989-06-10,https://may.com/,Active,2024-02-20 16:21:38,2024-07-04 23:31:24
3166,Kim Anderson,katelyndouglas@hart.com,"16535 Dana Mission
Wardview, OR 09852",Vangfurt,Texas,Saudi Arabia,1913-08-04,https://www.chambers.com/,Active,2024-04-11 20:49:08,2024-02-09 19:46:37
2534,Shaun Robles,hintonpamela@yahoo.com,"671 Barnes Walks Apt. 032
Port Matthew, LA 13305",New Jasonmouth,Wyoming,Nicaragua,2004-06-16,http://www.woods.com/,Inactive,2024-02-10 02:55:08,2024-04-25 21:21:30
4519,Stephanie Lane,abigail01@yahoo.com,"130 Cummings Lodge Suite 293
Rebeccaton, MD 34451",Brewerburgh,Wisconsin,Isle of Man,1975-09-30,http://mills-wells.org/,Active,2024-05-19 22:29:06,2024-05-26 06:52:11
4186,Justin Ayala,qcooper@hill.biz,"13001 Guzman Lodge
New Lauriemouth, TX 63051",East Barbara,Delaware,Azerbaijan,2000-01-12,https://martin.org/,Active,2024-02-23 07:38:23,2024-07-21 00:38:42
5254,Patrick Mitchell,campbellrichard@yahoo.com,"90169 Mcdaniel Fords
Tapiaport, VT 70630",Bryantbury,Illinois,Anguilla,1937-06-13,http://www.frost.com/,Active,2024-02-11 13:58:55,2024-01-18 22:05:39
8234,Tina Hall,matthewrichard@gmail.com,"166 Griffin Station Apt. 274
Hollandborough, ID 92634",South Margaret,Illinois,Singapore,1972-03-27,http://www.curtis.com/,Inactive,2024-03-05 13:46:43,2024-04-15 06:41:38
7408,Robert Valdez,james09@browning.biz,"5067 Mccormick Ranch Apt. 656
New Jacob, CA 80565",Lake Aaronmouth,Idaho,Martinique,2019-03-11,https://potts.org/,Inactive,2024-07-03 00:47:43,2024-02-04 06:56:12
9911,Michelle Sullivan,ymckinney@gmail.com,"33528 Charles Causeway Apt. 511
Ronnieville, RI 13015",Lake Catherine,Hawaii,Gabon,1945-04-09,https://smith.com/,Inactive,2024-02-01 07:28:55,2024-03-09 08:52:37
4999,Glenn Woodard,steven96@gardner.com,"3223 Raymond Terrace Suite 809
Angelabury, IA 46021",Knightmouth,Iowa,Isle of Man,1910-08-24,https://www.martinez-silva.com/,Inactive,2024-06-03 01:45:58,2024-07-09 00:19:06
5542,Tiffany Robbins,travis03@gmail.com,"211 Michael Crossing Apt. 145
Amandashire, OR 95171",Huberfurt,Ohio,Cameroon,1973-08-16,http://www.mcmillan.com/,Inactive,2024-05-16 19:22:49,2024-07-09 06:36:17
7747,Angela Johnson,jimmy38@yahoo.com,"0781 Beck Row
Chenland, MA 74782",West Jamesfort,Vermont,American Samoa,1996-10-18,https://white.com/,Inactive,2024-07-14 15:46:55,2024-06-01 04:53:05
7234,Gabriel Christensen,wallcarlos@yahoo.com,"795 Petersen Garden
Norrismouth, NV 08163",West Daleland,Kansas,Eritrea,1922-04-06,https://www.wilson.com/,Inactive,2024-01-10 08:56:39,2024-02-24 01:21:35
4502,Tracey Washington,smithellen@fisher.com,"37871 Nelson Village
North Brittanyville, CO 39950",Leburgh,Virginia,Paraguay,1996-03-29,https://torres.net/,Inactive,2024-05-10 07:57:31,2024-02-03 14:25:21
2787,Lauren Brown MD,tamara90@hotmail.com,"5501 Lauren Prairie Suite 499
Margarettown, UT 19309",West Collinburgh,Massachusetts,Spain,2009-07-16,https://www.cortez.com/,Active,2024-04-02 11:31:46,2024-02-05 06:39:04
5351,Jeffrey Hunt,cwilliams@hotmail.com,"7583 David Fall Suite 664
New Kevin, VA 53245",Port Aliciahaven,Colorado,Bolivia,1983-10-10,http://www.mccall.com/,Inactive,2024-01-20 09:08:40,2024-01-14 16:41:58
4264,Ricardo Perry,qortiz@hotmail.com,"73754 Julie Greens Apt. 708
Cookburgh, CA 09896",Port Kayla,Virginia,United States of America,1993-11-25,https://www.little.org/,Active,2024-05-13 21:49:46,2024-03-16 03:32:29
3321,Garrett Perry,stewartjoseph@martinez-brown.net,"Unit 7993 Box 0223
DPO AA 21012",New Michaelside,Pennsylvania,Cayman Islands,1954-06-23,https://www.phelps-lawson.com/,Active,2024-03-31 08:15:36,2024-06-10 23:59:36
7702,Amy Perkins,csmith@gmail.com,"3026 Douglas Crescent
East Catherinehaven, CT 39418",South Gregorybury,Kansas,Iraq,1975-04-29,http://www.kane-becker.com/,Active,2024-03-10 20:23:16,2024-01-10 07:41:38
3448,Danny Ramos,hughesanthony@gomez.com,"13010 Santos Square
South Amandahaven, MI 52553",Scottview,Missouri,Guernsey,1970-01-23,http://young.com/,Inactive,2024-02-06 07:47:22,2024-03-11 15:10:24
2004,Kathryn Jensen,stephen52@lewis.biz,"14361 Sean Stream Apt. 462
Smithhaven, ND 10833",Jameschester,New York,Albania,1972-09-03,https://www.hammond-burton.com/,Active,2024-04-08 18:34:32,2024-03-12 08:06:25
9917,Tina Graham,kramerjohn@hotmail.com,"81543 Williamson Estates Apt. 799
North Lawrencemouth, AL 04994",Port Gerald,Virginia,Syrian Arab Republic,1971-01-03,http://www.hayes.com/,Inactive,2024-04-25 13:56:25,2024-01-13 15:01:16
2032,Cody Johnson,tina25@gmail.com,"PSC 5094, Box 8217
APO AA 22874",South Andreaville,Florida,Afghanistan,2021-10-23,http://reyes-wade.net/,Active,2024-04-19 16:25:05,2024-02-26 15:59:15
9697,Paul Walter,richard07@nichols-kelly.com,"75339 Kelly Shores
Hansenfurt, FL 87652",Berryborough,Washington,Madagascar,1999-10-28,http://contreras-riggs.net/,Inactive,2024-06-13 02:45:50,2024-06-01 09:17:06
7181,Jamie Tucker,davidsmith@hotmail.com,"53724 Megan Junctions Apt. 297
Lake Ashley, TX 89614",Huntermouth,Pennsylvania,Turks and Caicos Islands,1988-07-11,https://www.perez.com/,Inactive,2024-07-12 22:43:44,2024-07-10 07:34:43
1528,Connor Rodriguez,gregorycharles@shelton-ferrell.net,"07307 Randy Mews Suite 499
West David, PA 52172",Port Angela,Ohio,Paraguay,1989-05-01,http://www.montes.com/,Active,2024-05-18 07:46:29,2024-06-21 18:30:26
3240,Christopher Turner,charlotte08@lowery.com,"67870 Justin Hills Apt. 035
Port Jessicamouth, PA 82772",North Sharonville,Texas,Tokelau,2023-04-10,http://www.benton-hartman.net/,Inactive,2024-02-26 12:49:59,2024-03-22 15:40:34
9703,Dennis Roman,marywilliams@buck.com,"68555 Copeland Motorway Apt. 994
Hughesfurt, NC 66655",Lake Sarah,Missouri,Uzbekistan,1938-05-22,https://curtis.com/,Inactive,2024-06-12 23:39:31,2024-02-06 03:39:45
3677,Jessica Jones,lauren18@hotmail.com,"5773 Medina Run
New Trevorfurt, AZ 54899",North Jamie,Indiana,Svalbard & Jan Mayen Islands,1928-04-08,http://www.smith-woodward.net/,Active,2024-04-26 03:45:42,2024-05-29 09:01:37
3003,Monica Lara,stevenhopkins@hotmail.com,"6849 Meyer Island
Lake Lori, CT 03504",Gonzalezton,Maine,Mali,1967-01-20,http://quinn.com/,Active,2024-03-06 20:31:01,2024-05-28 01:49:07
4320,Ronnie Alexander,kim66@dennis.biz,"4621 Anderson Motorway Suite 837
North Douglas, MN 76335",Zacharychester,Delaware,Guinea,1936-04-20,http://www.harvey-roy.net/,Inactive,2024-05-11 20:12:09,2024-03-13 00:19:57
6186,Michael Foster,timothy79@green.info,"239 Kyle Plaza
Johnathanberg, MA 31753",Smithside,Nebraska,Gabon,1966-09-21,http://www.garcia-marquez.com/,Inactive,2024-06-21 07:03:44,2024-01-30 05:32:21
2431,Mrs. Paige Woods MD,johnsonbilly@hotmail.com,"068 Williams Lane Apt. 522
East Sarahberg, VT 45527",Toddmouth,New York,Nigeria,1972-09-17,http://oneal.com/,Active,2024-07-12 08:23:37,2024-05-31 15:04:28
5581,Misty James,fjimenez@gonzalez.com,"54722 William Highway Apt. 904
New Johnland, PA 60793",South Karen,Hawaii,Namibia,1935-09-26,http://ho-hayes.biz/,Inactive,2024-02-27 22:40:59,2024-04-05 04:25:28
8416,Brianna Guzman,mparker@barron-bennett.com,"7147 Williams Port
West Lindastad, VT 79227",Lake Keith,Mississippi,Antarctica (the territory South of 60 deg S),1981-03-10,http://white-grant.net/,Active,2024-03-09 14:50:51,2024-05-22 14:09:08
1401,Ariel Herrera,mendozasusan@gmail.com,"6209 Joshua Dam
Tylerside, WY 93885",Williamsburgh,Pennsylvania,Guatemala,1931-10-19,http://www.martin.com/,Inactive,2024-07-01 21:38:00,2024-02-16 15:05:10
3923,Deborah Wilkinson,richard88@yahoo.com,"84215 Hartman Isle Suite 332
Christinefort, MA 64198",Benjaminburgh,Oklahoma,Hungary,1957-05-29,https://garcia.biz/,Active,2024-02-04 21:19:52,2024-02-09 12:32:56
8535,Nicole Smith,pierceashley@bates.com,"5884 Smith Fort
East Teresaborough, MO 41146",New Bryanchester,Oregon,Estonia,1962-05-22,http://jensen.com/,Inactive,2024-03-12 00:35:47,2024-05-31 04:39:20
9319,Travis Salinas,swood@gmail.com,"280 Donna Lake
Wagnerton, TX 07348",Amberfort,Delaware,Vietnam,1998-03-30,http://www.schmidt.net/,Active,2024-06-24 10:50:58,2024-06-08 05:58:56
5251,Mr. Darren Nelson,thomas76@smith.info,"845 Wang Cape
East Erik, NV 42207",New Sherrymouth,Louisiana,Uruguay,1992-10-29,http://www.montgomery.com/,Active,2024-07-09 02:34:03,2024-04-26 13:24:31
1352,Michael Daniels,kendralin@shaffer-stanley.com,"227 Donna Loop Suite 818
Hernandezbury, MA 75603",Bryanton,Missouri,Burkina Faso,2006-01-10,http://www.smith-ray.com/,Active,2024-07-01 08:17:59,2024-07-16 07:47:29
1233,Melissa Sellers,anthony00@reed.com,"0119 Robert Knoll Suite 450
Bradyfurt, WY 23421",Lake Jamesberg,South Carolina,Jersey,2019-02-23,http://www.banks-fletcher.info/,Inactive,2024-01-25 17:33:19,2024-01-02 15:36:35
5248,Kristin Hansen,omorton@yahoo.com,"39908 Fuentes Pine Suite 854
Andrewfort, VA 84105",Kiddland,Virginia,Western Sahara,1994-09-20,https://www.jones.com/,Inactive,2024-01-03 03:57:47,2024-02-11 18:38:07
9709,Laura Novak,whitakersamuel@vasquez.org,"38065 Crosby Crest Suite 922
Lake Paulview, GA 22170",West Joshua,South Dakota,France,1981-10-04,https://rodriguez.com/,Active,2024-05-30 01:16:31,2024-03-31 01:57:58
1811,Nicole Jimenez,jessica69@scott.com,"530 Meagan Creek Apt. 599
Lanetown, NH 40165",Torresside,New Mexico,Luxembourg,1929-03-16,https://www.williams.com/,Inactive,2024-02-15 04:40:34,2024-06-22 04:19:09
4341,Kimberly Herrera,coreystone@flores.net,"40738 Jennifer Circle
New Jordanfurt, DC 69183",Bradleyview,Connecticut,Panama,1952-03-27,https://scott-brown.com/,Inactive,2024-02-05 10:29:18,2024-06-02 21:14:42
4061,Denise Whitney,jessicajohns@gmail.com,"1402 Robin Trail
New Lindachester, HI 96061",North Daniel,South Dakota,San Marino,1928-04-08,http://www.williams.org/,Inactive,2024-06-21 20:49:40,2024-06-14 09:28:34
6600,Austin Harris,louisgould@schmidt.com,"174 Jacob Points
Lake Ginamouth, OH 79936",Blankenshipburgh,Mississippi,Kenya,2003-12-17,http://jimenez.com/,Active,2024-05-14 16:12:56,2024-01-30 15:25:40
9475,Abigail Berg,scott75@gmail.com,"893 Dean Inlet
New Laurenview, UT 15930",Allenland,Arizona,Belarus,1915-01-15,http://www.brown.com/,Active,2024-03-21 22:50:34,2024-05-31 08:14:11
3745,Jessica Wells,jillwilliams@robinson-clay.net,"59793 Parrish Islands Apt. 327
Shelbyville, WI 16091",East John,Arizona,Kiribati,1916-06-23,https://johnson-harper.org/,Inactive,2024-07-15 04:06:14,2024-05-16 14:26:43
9915,Samantha Kelly,kimberlygutierrez@brown.com,"USS Woodward
FPO AA 34199",New Reginamouth,Virginia,Egypt,1912-12-22,https://www.erickson-watson.org/,Inactive,2024-07-01 23:41:56,2024-06-17 23:39:32
7894,Elizabeth Robinson,rebeccachavez@yahoo.com,"233 Brown Vista Suite 773
North Clarence, GA 54949",Carmenborough,Louisiana,Guatemala,1924-08-08,https://www.rangel.com/,Inactive,2024-06-08 07:59:11,2024-07-16 22:56:07
2524,Jonathan Lopez,collinspatricia@gmail.com,"07178 Riddle Springs Suite 671
West Heathertown, WA 81391",North Gary,Michigan,El Salvador,1951-02-28,http://bonilla.com/,Active,2024-06-05 21:58:55,2024-03-11 21:20:31
9658,Matthew Walker MD,daniel96@yahoo.com,"98078 Mary Roads
New Lindsey, ND 55961",Monroeville,Tennessee,Spain,2014-10-09,http://www.hooper.info/,Active,2024-01-20 08:00:25,2024-05-10 23:27:33
8699,Larry Bonilla,chelsea60@hotmail.com,"1658 Smith Stream
East Danielmouth, SD 13262",New Lindaview,South Dakota,Korea,1932-10-04,http://www.ortiz-decker.info/,Inactive,2024-06-17 10:04:34,2024-04-19 12:36:40
9319,Rebecca Garcia,thompsondavid@jimenez.com,"655 Andrea Skyway Suite 911
Jessicastad, DC 15394",North Tonyaton,North Carolina,Honduras,2005-03-03,https://davila.com/,Active,2024-04-28 11:35:15,2024-04-16 17:49:07
4204,Sarah Thompson,gwright@yahoo.com,"1575 Walton Hollow Apt. 688
Crystalchester, AZ 93806",Nicholsonshire,Montana,Timor-Leste,1946-05-10,http://luna.com/,Inactive,2024-06-24 22:32:35,2024-01-29 13:31:51
4211,Dennis Lee,linda86@gmail.com,"179 Peterson Stravenue Suite 034
Tiffanyfurt, NY 30873",New Nancyborough,Texas,Cote d'Ivoire,1916-03-17,http://www.williams-jacobs.net/,Inactive,2024-02-03 14:51:33,2024-04-27 02:26:23
2780,Mitchell Mosley,sara62@villanueva-williamson.org,"5710 Lori Squares
Dianaside, MD 86981",Gonzalesborough,Virginia,Cocos (Keeling) Islands,1932-01-22,http://www.smith.com/,Inactive,2024-07-11 15:34:53,2024-07-09 08:01:01
5718,Lindsay Romero,matthew69@martin.info,"036 Darlene Rue Suite 753
Bowmanstad, CA 95207",Moorefort,Connecticut,San Marino,1912-11-06,https://www.price.com/,Active,2024-01-30 03:35:30,2024-01-18 13:38:06
4863,Kyle Ramos,danielcollier@hotmail.com,"068 Webb Islands Apt. 632
Deannaborough, WI 93468",Shawnborough,Alaska,Belarus,1979-03-07,http://davis.info/,Inactive,2024-04-06 20:53:55,2024-07-13 02:48:24
2497,Erica Torres,campbellmichael@carlson.com,"534 Tristan Park Apt. 918
Port Conniemouth, DC 74507",North Brianatown,Texas,South Georgia and the South Sandwich Islands,1937-08-08,http://lowe.com/,Inactive,2024-03-20 07:32:13,2024-06-18 09:47:12
1426,Rebecca Turner,raymary@jones.com,"428 Cobb Dam
East Janet, OR 81909",Lake Shaun,California,United States Minor Outlying Islands,2002-08-16,http://kennedy.com/,Inactive,2024-06-21 21:56:03,2024-04-19 09:56:09
9483,Madison English,johnsonnicholas@bird.com,"0600 Madison Mews Suite 479
East Zachary, MS 52857",Lunafort,Oklahoma,Guyana,1928-08-01,https://valdez.com/,Active,2024-05-09 07:46:27,2024-07-12 03:09:01
8479,Brenda Watson,emma88@humphrey-garcia.com,"7902 Jennings Ports Suite 578
Lake Hannahview, UT 09755",Martinshire,Georgia,Slovakia (Slovak Republic),1967-06-23,https://martin.com/,Inactive,2024-04-27 11:07:24,2024-01-31 11:33:37
5365,Christina Johnson,alexwalter@fitzgerald.com,"11209 Danielle Isle
South Alvin, AZ 26448",Mikeside,Ohio,Heard Island and McDonald Islands,1996-02-13,https://www.martin.com/,Inactive,2024-03-10 14:23:18,2024-04-02 03:29:09
3929,Amber Hernandez,simsbrian@curry.com,"3275 Wendy Shores
West Natasha, NE 34008",Blackport,Colorado,Malta,2004-07-06,http://flores.biz/,Inactive,2024-01-02 11:18:50,2024-06-27 17:18:06
7389,Jean Evans,medinalogan@wilson.com,"17147 Carr Plaza Apt. 537
Lake Jennifer, FL 63980",Richardside,Oregon,Uruguay,1932-09-25,http://www.carson.biz/,Active,2024-03-31 03:20:46,2024-02-25 04:45:52
8830,Tammy Lewis,mmorris@gmail.com,"57559 Rachel Lights
North Courtney, VA 93786",Pricetown,New Mexico,Mozambique,2013-02-21,http://odonnell.com/,Active,2024-03-16 16:28:15,2024-07-12 00:10:48
2351,Joseph Bird,williamscharles@berg-smith.com,"872 Danielle Villages Apt. 826
Jamiemouth, IL 87273",Wrightbury,Idaho,Barbados,1970-11-24,http://contreras.com/,Active,2024-01-01 05:13:38,2024-03-14 13:09:06
7476,Mrs. Kelly Banks MD,lisale@hotmail.com,"PSC 1556, Box 1127
APO AA 64581",West Angelicaside,West Virginia,Venezuela,1922-04-15,https://miles.com/,Active,2024-07-16 17:32:07,2024-01-01 20:26:04
4906,Heather Serrano,hallmelissa@stevens.biz,"5107 Alan Dam Apt. 155
South Teresaview, CT 74229",Walterside,Arkansas,Saudi Arabia,1908-08-26,http://www.boyer-cole.com/,Active,2024-07-22 04:13:29,2024-01-16 07:49:09
3172,Linda Ramirez,david41@gmail.com,"2417 Serrano Forges Suite 158
New Kayla, VA 17587",Singletonfort,Montana,Poland,1960-10-25,https://www.burns.biz/,Active,2024-04-09 21:10:37,2024-07-12 05:21:43
6981,Christopher Smith MD,awatkins@smith.biz,"PSC 5468, Box 5941
APO AA 06303",New Melissa,Pennsylvania,Azerbaijan,2009-01-16,https://www.green.org/,Inactive,2024-06-16 21:39:56,2024-03-06 20:15:45
7834,Mariah Hunter,wilsonkenneth@hotmail.com,"826 Tiffany Springs
Perkinsmouth, WA 39442",West Cristian,Alabama,Grenada,2010-04-08,https://terrell.com/,Inactive,2024-04-07 12:33:16,2024-02-24 08:22:00
